{"inputUnits":[34],"outputUnits":2,"inputs":{"0":{"dtype":"number","min":247.248097321211,"max":324.63975753932897},"1":{"dtype":"number","min":114.6054939731055,"max":186.6050449542367},"2":{"dtype":"number","min":249.5498318142361,"max":337.1707352606641},"3":{"dtype":"number","min":102.72985179521882,"max":169.9457869799281},"4":{"dtype":"number","min":230.03623203924525,"max":311.31323028029055},"5":{"dtype":"number","min":102.81230577018991,"max":191.98864258288404},"6":{"dtype":"number","min":269.48768660339,"max":354.99024419059526},"7":{"dtype":"number","min":112.50722487302784,"max":150.73057178400646},"8":{"dtype":"number","min":223.03382590964986,"max":291.0761045340674},"9":{"dtype":"number","min":111.04766191330103,"max":202.90310627303393},"10":{"dtype":"number","min":344.2133255451046,"max":385.7345997473882},"11":{"dtype":"number","min":174.83665510924934,"max":199.36116107026038},"12":{"dtype":"number","min":246.32016425476667,"max":263.9449008398818},"13":{"dtype":"number","min":192.68868786549706,"max":264.42776209662065},"14":{"dtype":"number","min":405.91898957191154,"max":433.8561845151072},"15":{"dtype":"number","min":247.51450685497377,"max":307.95996712429945},"16":{"dtype":"number","min":218.60486705400788,"max":268.82025229768215},"17":{"dtype":"number","min":300.4991839224832,"max":365.52871674357334},"18":{"dtype":"number","min":402.2806241219504,"max":449.93391308403386},"19":{"dtype":"number","min":351.6479605215567,"max":406.63852267795136},"20":{"dtype":"number","min":200.4488487318013,"max":279.187784808421},"21":{"dtype":"number","min":405.7908841555114,"max":469.9091623168707},"22":{"dtype":"number","min":356.94442079778304,"max":403.73353656969573},"23":{"dtype":"number","min":347.5101998907316,"max":433.38353683144487},"24":{"dtype":"number","min":241.46405180992437,"max":332.2910961723699},"25":{"dtype":"number","min":393.87440404464394,"max":456.8478863513493},"26":{"dtype":"number","min":320.79934162935547,"max":404.4359227230674},"27":{"dtype":"number","min":484.8689029091282,"max":557.8859896594785},"28":{"dtype":"number","min":236.07616729438885,"max":339.7735948172229},"29":{"dtype":"number","min":536.4336585626731,"max":553.8329917506168},"30":{"dtype":"number","min":316.251386378476,"max":398.71533049942224},"31":{"dtype":"number","min":555.8108853643168,"max":560.3792226988437},"32":{"dtype":"number","min":236.45980656495567,"max":337.80590406867725},"33":{"dtype":"number","min":554.430537233111,"max":559.4776955171402}},"outputs":{"0":{"dtype":"string","min":0,"max":1,"uniqueValues":["wrong position","right position"],"legend":{"wrong position":[1,0],"right position":[0,1]}}},"isNormalized":true}