{"inputUnits":[34],"outputUnits":2,"inputs":{"0":{"dtype":"number","min":56.43013223569992,"max":508.04219028405976},"1":{"dtype":"number","min":149.56065157468322,"max":261.4237904688071},"2":{"dtype":"number","min":64.38156484860426,"max":506.36975442689294},"3":{"dtype":"number","min":130.4568850273742,"max":224.63939941882154},"4":{"dtype":"number","min":55.96201370566444,"max":492.44891845227215},"5":{"dtype":"number","min":132.27335255048428,"max":225.73814942358064},"6":{"dtype":"number","min":110.71420294034783,"max":509.107619614629},"7":{"dtype":"number","min":135.31725550720333,"max":224.60880153128045},"8":{"dtype":"number","min":63.434700473242565,"max":437.28462531552674},"9":{"dtype":"number","min":140.16115088211862,"max":237.72089506450453},"10":{"dtype":"number","min":170.05584776285332,"max":458.7355410332336},"11":{"dtype":"number","min":243.95845379745748,"max":343.51454647428574},"12":{"dtype":"number","min":139.50431018777292,"max":388.74758238913256},"13":{"dtype":"number","min":252.53323917500455,"max":327.00670744243416},"14":{"dtype":"number","min":131.7977120025813,"max":496.31750750030454},"15":{"dtype":"number","min":392.1492828309652,"max":531.8172426576967},"16":{"dtype":"number","min":106.91668713069566,"max":454.438561036108},"17":{"dtype":"number","min":381.82357490643653,"max":528.3119704337612},"18":{"dtype":"number","min":91.33692274781463,"max":532.9734079461348},"19":{"dtype":"number","min":416.07259084839103,"max":548.0429582800316},"20":{"dtype":"number","min":96.07880233556439,"max":500.7493521409657},"21":{"dtype":"number","min":408.3102702536778,"max":547.5830113818073},"22":{"dtype":"number","min":172.82956426371373,"max":456.0089489079823},"23":{"dtype":"number","min":479.512937371029,"max":553.6410950777823},"24":{"dtype":"number","min":151.78660372312072,"max":422.5302766498766},"25":{"dtype":"number","min":470.6436906781113,"max":554.6578310247053},"26":{"dtype":"number","min":152.26676896301626,"max":467.1800984462567},"27":{"dtype":"number","min":529.0566118325871,"max":560.8384795309739},"28":{"dtype":"number","min":131.43210546779818,"max":442.3358344659935},"29":{"dtype":"number","min":514.8866712187233,"max":557.9459221971895},"30":{"dtype":"number","min":137.71556043717828,"max":482.70688330220895},"31":{"dtype":"number","min":552.4474098250182,"max":562.53982633178},"32":{"dtype":"number","min":116.99787251433433,"max":460.6041061669065},"33":{"dtype":"number","min":553.1354521217867,"max":561.5527198003282}},"outputs":{"0":{"dtype":"string","min":0,"max":1,"uniqueValues":["wrong position","right position"],"legend":{"wrong position":[1,0],"right position":[0,1]}}},"isNormalized":true}