{"inputUnits":[34],"outputUnits":2,"inputs":{"0":{"dtype":"number","min":89.45003057781018,"max":229.14949327881573},"1":{"dtype":"number","min":116.1570758150335,"max":179.1008172676577},"2":{"dtype":"number","min":99.57760844314306,"max":225.8103497544227},"3":{"dtype":"number","min":102.89141798925678,"max":163.3496914690698},"4":{"dtype":"number","min":94.28734828157035,"max":221.11904913919014},"5":{"dtype":"number","min":102.26589971118503,"max":162.7187489068996},"6":{"dtype":"number","min":127.62514805933188,"max":229.78397168611224},"7":{"dtype":"number","min":106.95710879320289,"max":150.89473166660954},"8":{"dtype":"number","min":87.62073739927413,"max":191.8480808971918},"9":{"dtype":"number","min":108.3688956255104,"max":148.23084142473007},"10":{"dtype":"number","min":147.23519024096038,"max":222.63757638763963},"11":{"dtype":"number","min":155.37537691885964,"max":229.21973808467038},"12":{"dtype":"number","min":78.68829526399311,"max":166.43213012762237},"13":{"dtype":"number","min":178.7155414882459,"max":231.11636680469178},"14":{"dtype":"number","min":113.66704081931309,"max":242.11160815947235},"15":{"dtype":"number","min":207.98186977007234,"max":320.6415946023506},"16":{"dtype":"number","min":38.006723833362955,"max":186.21698346054345},"17":{"dtype":"number","min":241.41331499780128,"max":321.8700297394691},"18":{"dtype":"number","min":84.6541120294939,"max":246.2938294773213},"19":{"dtype":"number","min":197.98606404087,"max":313.63289370174294},"20":{"dtype":"number","min":42.286571145754806,"max":203.32926086515013},"21":{"dtype":"number","min":208.63552428128426,"max":316.1325465866},"22":{"dtype":"number","min":128.4779922306886,"max":208.71309815791614},"23":{"dtype":"number","min":248.08773269430236,"max":313.20660909016925},"24":{"dtype":"number","min":72.45313772681163,"max":189.06010912175762},"25":{"dtype":"number","min":298.2706663901346,"max":314.89925830684905},"26":{"dtype":"number","min":116.0363069054676,"max":221.2002592477185},"27":{"dtype":"number","min":274.84015972293605,"max":312.63501239798916},"28":{"dtype":"number","min":56.83224884390133,"max":194.42624139506913},"29":{"dtype":"number","min":275.1894186811837,"max":311.46844116567866},"30":{"dtype":"number","min":98.26556674221105,"max":227.1521150020131},"31":{"dtype":"number","min":296.6977041367202,"max":317.64919660244766},"32":{"dtype":"number","min":50.20983400400619,"max":199.71926979154173},"33":{"dtype":"number","min":299.6069742399349,"max":318.42754877101606}},"outputs":{"0":{"dtype":"string","min":0,"max":1,"uniqueValues":["right position","wrong position"],"legend":{"right position":[1,0],"wrong position":[0,1]}}},"isNormalized":true}