{"inputUnits":[34],"outputUnits":2,"inputs":{"0":{"dtype":"number","min":63.410749230933234,"max":522.3990138836539},"1":{"dtype":"number","min":148.031318173771,"max":274.4463337978192},"2":{"dtype":"number","min":99.81426514147782,"max":519.3090133592631},"3":{"dtype":"number","min":118.85541785762555,"max":228.18638078418155},"4":{"dtype":"number","min":67.50937419095699,"max":491.6324013157894},"5":{"dtype":"number","min":113.11187089767603,"max":229.54101681476914},"6":{"dtype":"number","min":204.5013014289603,"max":530.1414100096704},"7":{"dtype":"number","min":118.807080289309,"max":231.2516972056606},"8":{"dtype":"number","min":65.89832149751005,"max":398.0506975794861},"9":{"dtype":"number","min":120.926154956483,"max":240.5207690858004},"10":{"dtype":"number","min":315.17372235452456,"max":469.3259065564845},"11":{"dtype":"number","min":257.41588005080786,"max":344.41452056111416},"12":{"dtype":"number","min":109.2357030203003,"max":317.2395904719481},"13":{"dtype":"number","min":273.3810198748553,"max":363.17607202957475},"14":{"dtype":"number","min":356.63815295719496,"max":521.5330781992416},"15":{"dtype":"number","min":439.33895873279823,"max":544.9801165783382},"16":{"dtype":"number","min":19.52716195327729,"max":283.3947459438391},"17":{"dtype":"number","min":421.76121851157023,"max":551.33583113464},"18":{"dtype":"number","min":328.0440302620157,"max":514.822039985285},"19":{"dtype":"number","min":371.29517315423976,"max":542.6321890014887},"20":{"dtype":"number","min":38.12484770955165,"max":347.68092581170805},"21":{"dtype":"number","min":350.8549205043859,"max":563.9906040362679},"22":{"dtype":"number","min":298.1824230915389,"max":455.81135383591084},"23":{"dtype":"number","min":530.400712457549,"max":557.6487489518133},"24":{"dtype":"number","min":146.61102592364156,"max":323.72327005189294},"25":{"dtype":"number","min":511.70974701701084,"max":560.1409669693915},"26":{"dtype":"number","min":295.4500956098471,"max":443.54083085385446},"27":{"dtype":"number","min":527.561277869152,"max":551.9292671545671},"28":{"dtype":"number","min":133.99404901277717,"max":336.96210046957805},"29":{"dtype":"number","min":526.8315948426839,"max":552.370429382919},"30":{"dtype":"number","min":295.3139726367378,"max":441.1197736714086},"31":{"dtype":"number","min":556.8072646589075,"max":562.6227291471545},"32":{"dtype":"number","min":137.44101436979355,"max":339.0643657067133},"33":{"dtype":"number","min":551.3061356869822,"max":563.9668782552083}},"outputs":{"0":{"dtype":"string","min":0,"max":1,"uniqueValues":["wrong position","right position"],"legend":{"wrong position":[1,0],"right position":[0,1]}}},"isNormalized":true}